Timestamp,User Count,Type,Name,Requests/s,Failures/s,50%,66%,75%,80%,90%,95%,98%,99%,99.9%,99.99%,100%,Total Request Count,Total Failure Count,Total Median Response Time,Total Average Response Time,Total Min Response Time,Total Max Response Time,Total Average Content Size
1781214413,0,,Aggregated,0.000000,0.000000,N/A,N/A,N/A,N/A,N/A,N/A,N/A,N/A,N/A,N/A,N/A,0,0,0,0.0,0,0,0
1781214415,5,POST,/orders/optimistic,0.000000,0.000000,0,0,0,0,0,0,0,0,0,0,0,8,0,87,131.9837931250163,51.18436199995813,274.01723399998446,34.625
1781214415,5,POST,/orders/pessimistic,0.000000,0.000000,0,0,0,0,0,0,0,0,0,0,0,5,0,42,98.02699639999446,30.980301999989024,187.86572799990608,34.8
1781214415,5,GET,/stocks,0.000000,0.000000,0,0,0,0,0,0,0,0,0,0,0,1,0,12.659102000043276,12.659102000043276,12.659102000043276,12.659102000043276,127.0
1781214415,5,,Aggregated,0.000000,0.000000,0,0,0,0,0,0,0,0,0,0,0,14,0,53,111.33317350001042,12.659102000043276,274.01723399998446,41.285714285714285
1781214416,10,POST,/orders/optimistic,0.000000,0.000000,73,85,230,230,250,350,350,350,350,350,350,19,3,74,127.28808089479428,41.572511000140366,346.2239820000832,37.526315789473685
1781214416,10,POST,/orders/pessimistic,0.000000,0.000000,34,54,63,68,85,86,86,86,86,86,86,20,2,37,58.005728849991556,13.600316999827555,187.86572799990608,36.55
1781214416,10,GET,/stocks,0.000000,0.000000,17,17,17,17,17,17,17,17,17,17,17,2,0,13,14.614052500064645,12.659102000043276,16.569003000086013,127.0
1781214416,10,,Aggregated,0.000000,0.000000,61,68,74,85,230,250,350,350,350,350,350,41,5,61,87.99551753661102,12.659102000043276,346.2239820000832,41.41463414634146
1781214417,15,POST,/orders/optimistic,8.000000,0.000000,100,240,260,280,330,350,360,360,360,360,360,34,10,91,153.73512038240065,41.572511000140366,364.3459300001268,39.94117647058823
1781214417,15,POST,/orders/pessimistic,5.000000,0.000000,43,56,68,85,100,110,160,160,160,160,160,38,10,42,59.72356784208219,13.600316999827555,187.86572799990608,39.421052631578945
1781214417,15,GET,/stocks,1.000000,0.000000,17,17,21,21,21,21,21,21,21,21,21,5,0,13,14.758370799972909,11.204429999907006,20.705618999954822,127.0
1781214417,15,,Aggregated,14.000000,0.000000,63,85,100,110,260,310,350,360,360,360,360,77,20,63,98.3153444805274,11.204429999907006,364.3459300001268,45.33766233766234
1781214418,20,POST,/orders/optimistic,9.500000,1.500000,220,260,310,330,360,390,450,450,450,450,450,51,15,170,193.16691486277722,41.572511000140366,449.3467970000893,39.98039215686274
1781214418,20,POST,/orders/pessimistic,10.000000,1.000000,85,110,130,150,200,240,250,310,310,310,310,62,14,71,95.44675619353653,13.600316999827555,312.1337879999828,38.83870967741935
1781214418,20,GET,/stocks,1.000000,0.000000,17,17,19,19,21,21,21,21,21,21,21,7,0,15,15.32811114283764,11.204429999907006,20.705618999954822,127.0
1781214418,20,,Aggregated,20.500000,2.500000,100,150,220,240,310,360,390,440,450,450,450,120,29,93,132.3042360000064,11.204429999907006,449.3467970000893,44.46666666666667
1781214419,25,POST,/orders/optimistic,11.333333,3.333333,250,290,330,340,390,450,500,910,910,910,910,68,18,230,225.74724883825786,41.572511000140366,913.6464210000668,39.44117647058823
1781214419,25,POST,/orders/pessimistic,11.666667,3.000000,90,110,150,160,220,250,340,390,390,390,390,86,23,86,108.32086309301039,13.600316999827555,393.352638000124,39.68604651162791
1781214419,25,GET,/stocks,1.666667,0.000000,19,21,23,23,34,34,34,34,34,34,34,9,0,17,18.222896888851714,11.204429999907006,33.74109599985786,127.0
1781214419,25,,Aggregated,24.666667,6.333333,110,180,240,260,340,390,450,500,910,910,910,163,41,110,152.33382342944844,11.204429999907006,913.6464210000668,44.40490797546012
1781214420,30,POST,/orders/optimistic,12.500000,3.750000,250,310,340,360,450,640,1100,1700,1700,1700,1700,89,22,240,268.0571647865333,41.572511000140366,1662.276027999951,39.157303370786515
1781214420,30,POST,/orders/pessimistic,15.000000,3.250000,96,140,170,220,310,390,810,900,1100,1100,1100,114,35,96,143.08621609647912,13.600316999827555,1075.2691349998713,40.45614035087719
1781214420,30,GET,/stocks,1.750000,0.000000,21,34,110,110,130,230,230,230,230,230,230,17,0,19,49.13380564702867,9.99802199999067,228.02447399999437,127.0
1781214420,30,,Aggregated,29.250000,7.000000,130,200,250,290,360,500,900,1100,1700,1700,1700,220,57,120,186.3826863499981,9.99802199999067,1662.276027999951,46.61818181818182
1781214421,35,POST,/orders/optimistic,13.000000,3.400000,280,340,390,440,590,820,1100,1100,1700,1700,1700,110,32,260,308.8082146727381,41.572511000140366,1662.276027999951,39.99090909090909
1781214421,35,POST,/orders/pessimistic,16.400000,4.400000,100,150,200,230,340,460,810,900,1100,1100,1100,138,42,100,156.33730396376265,13.600316999827555,1075.2691349998713,40.38405797101449
1781214421,35,GET,/stocks,1.800000,0.000000,23,63,110,110,190,230,230,230,230,230,230,20,0,21,58.43730409998216,9.99802199999067,228.02447399999437,127.0
1781214421,35,,Aggregated,31.200000,7.800000,150,230,290,340,460,620,910,1100,1700,1700,1700,268,74,150,211.61267777238842,9.99802199999067,1662.276027999951,46.6865671641791
1781214422,40,POST,/orders/optimistic,14.166667,3.666667,290,360,410,490,680,980,1100,1200,1700,1700,1700,125,40,280,338.34389168000956,41.572511000140366,1662.276027999951,40.536
1781214422,40,POST,/orders/pessimistic,17.666667,5.166667,110,170,230,280,540,870,1200,1300,1800,1800,1800,155,46,110,210.42429681289917,13.600316999827555,1774.547904000201,40.23870967741936
1781214422,40,GET,/stocks,2.666667,0.000000,42,68,110,110,130,190,230,230,230,230,230,24,0,34,60.680170374979525,9.99802199999067,228.02447399999437,127.0
1781214422,40,,Aggregated,34.500000,8.833333,160,260,340,380,580,910,1200,1300,1800,1800,1800,304,86,160,251.2009097203951,9.99802199999067,1774.547904000201,47.21052631578947
1781214423,45,POST,/orders/optimistic,15.000000,4.285714,330,390,510,590,1100,1700,1900,2300,2400,2400,2400,147,50,310,437.31633038096237,41.572511000140366,2401.782474999891,40.904761904761905
1781214423,45,POST,/orders/pessimistic,19.285714,5.857143,130,220,280,390,740,1200,1400,1700,1800,1800,1800,180,54,130,263.80414009443786,13.600316999827555,1774.547904000201,40.333333333333336
1781214423,45,GET,/stocks,2.857143,0.000000,47,79,110,110,180,190,230,230,230,230,230,28,0,42,66.18392471425848,9.99802199999067,228.02447399999437,127.0
1781214423,45,,Aggregated,37.142857,10.142857,200,310,390,490,820,1200,1700,1900,2400,2400,2400,355,104,190,320.06590330985784,9.99802199999067,2401.782474999891,47.4056338028169
1781214424,50,POST,/orders/optimistic,15.000000,4.750000,340,450,560,680,1200,1700,2100,2400,2400,2400,2400,165,58,330,492.04184190909984,41.572511000140366,2401.782474999891,41.127272727272725
1781214424,50,POST,/orders/pessimistic,18.500000,5.500000,140,230,310,390,810,1200,1400,1700,1800,1800,1800,206,66,140,279.5198577232959,13.600316999827555,1774.547904000201,40.70388349514563
1781214424,50,GET,/stocks,2.750000,0.000000,59,81,110,110,130,190,230,230,230,230,230,32,0,54,67.91042193747643,9.99802199999067,228.02447399999437,127.0
1781214424,50,,Aggregated,36.250000,10.250000,210,330,410,510,920,1300,1700,2100,2400,2400,2400,403,124,200,349.72984642183553,9.99802199999067,2401.782474999891,47.72952853598015
1781214425,50,POST,/orders/optimistic,15.111111,5.111111,360,500,640,890,1400,1700,2100,2400,2400,2400,2400,179,64,340,513.8702011117413,41.572511000140366,2401.782474999891,41.24022346368715
1781214425,50,POST,/orders/pessimistic,18.777778,5.444444,180,270,430,570,1100,1400,2000,2100,2700,2700,2700,232,73,160,345.9849394741344,13.600316999827555,2660.5605140000534,40.633620689655174
1781214425,50,GET,/stocks,3.000000,0.000000,59,81,110,110,180,230,320,320,320,320,320,36,0,47,71.39703963885798,9.99802199999067,320.2098550000301,127.0
1781214425,50,,Aggregated,36.888889,10.555556,240,370,510,600,1100,1600,2000,2200,2700,2700,2700,447,137,220,391.09969884563725,9.99802199999067,2660.5605140000534,47.83221476510067
1781214426,50,POST,/orders/optimistic,15.600000,5.400000,420,640,980,1200,1800,2200,2400,2500,2700,2700,2700,210,79,360,620.7897768333439,41.572511000140366,2653.4500879999996,41.60952380952381
1781214426,50,POST,/orders/pessimistic,19.600000,6.200000,210,340,540,650,1200,1700,2100,2200,2800,2800,2800,264,80,160,381.01750749621124,13.600316999827555,2769.7452450001947,40.43181818181818
1781214426,50,GET,/stocks,3.000000,0.000000,49,81,110,110,190,320,340,340,340,340,340,46,0,44,74.98559569562926,9.99802199999067,344.91176300002735,127.0
1781214426,50,,Aggregated,38.200000,11.600000,280,450,620,830,1400,1900,2300,2400,2800,2800,2800,520,159,230,450.77656253077134,9.99802199999067,2769.7452450001947,48.565384615384616
1781214427,50,POST,/orders/optimistic,16.500000,6.200000,480,710,1100,1300,1900,2200,2400,2500,2700,2700,2700,227,86,370,625.4229159251192,41.572511000140366,2653.4500879999996,41.66079295154185
1781214427,50,POST,/orders/pessimistic,21.700000,7.100000,220,420,600,810,1300,1800,2200,2700,2800,2800,2800,296,90,170,396.42325167567435,13.600316999827555,2769.7452450001947,40.46621621621622
1781214427,50,GET,/stocks,3.200000,0.000000,65,95,110,120,190,320,340,340,340,340,340,55,0,50,76.72614172724934,9.99802199999067,344.91176300002735,127.0
1781214427,50,,Aggregated,41.400000,13.300000,300,500,660,900,1500,2000,2300,2700,2800,2800,2800,578,176,230,455.93810070242324,9.99802199999067,2769.7452450001947,49.16955017301038
1781214428,50,POST,/orders/optimistic,16.700000,6.500000,560,920,1300,1500,1900,2200,2400,2500,2700,2700,2700,248,95,390,644.4873525846855,41.572511000140366,2653.4500879999996,41.74193548387097
1781214428,50,POST,/orders/pessimistic,21.900000,7.300000,260,520,680,940,1400,1800,2700,2700,2800,2800,2800,330,98,180,402.6505338212097,13.600316999827555,2769.7452450001947,40.32727272727273
1781214428,50,GET,/stocks,3.600000,0.000000,71,99,120,130,190,320,340,340,340,340,340,63,0,54,77.97443144441526,9.99802199999067,344.91176300002735,127.0
1781214428,50,,Aggregated,42.200000,13.800000,360,580,870,1100,1600,2100,2400,2700,2800,2800,2800,641,193,240,464.30566112792457,9.99802199999067,2769.7452450001947,49.39313572542902
1781214430,50,POST,/orders/optimistic,17.800000,7.100000,680,1100,1400,1600,2000,2200,2400,2500,2700,2700,2700,263,101,420,679.210641912555,41.572511000140366,2653.4500879999996,41.749049429657795
1781214430,50,POST,/orders/pessimistic,23.600000,7.700000,310,590,860,990,1400,2000,2700,2700,2800,2800,2800,355,100,190,414.80043712112655,13.600316999827555,2769.7452450001947,40.03661971830986
1781214430,50,GET,/stocks,4.800000,0.000000,71,95,110,120,150,320,340,340,340,340,340,66,0,59,78.1416370605808,9.99802199999067,344.91176300002735,127.0
1781214430,50,,Aggregated,46.200000,14.800000,400,650,980,1200,1700,2100,2400,2700,2800,2800,2800,684,201,250,483.9823129342109,9.99802199999067,2769.7452450001947,49.08625730994152
1781214431,50,POST,/orders/optimistic,18.300000,7.800000,740,1100,1500,1600,2000,2200,2400,2500,2700,2700,2700,283,110,440,697.4725194205009,41.572511000140366,2653.4500879999996,41.83745583038869
1781214431,50,POST,/orders/pessimistic,24.800000,7.600000,310,590,860,1000,1600,2000,2700,2700,2800,2800,2800,380,102,210,430.5108026868424,13.600316999827555,2769.7452450001947,39.79736842105263
1781214431,50,GET,/stocks,5.400000,0.000000,74,110,120,130,210,320,340,340,340,340,340,72,0,65,82.74259368053234,9.99802199999067,344.91176300002735,127.0
1781214431,50,,Aggregated,48.500000,15.400000,410,700,1000,1200,1700,2100,2400,2700,2800,2800,2800,735,212,260,499.2330540979595,9.99802199999067,2769.7452450001947,49.12517006802721
1781214432,50,POST,/orders/optimistic,17.600000,7.700000,750,1100,1500,1600,2200,2400,2500,2700,2700,2700,2700,298,118,450,722.8438524563825,41.572511000140366,2741.2954930000524,41.97651006711409
1781214432,50,POST,/orders/pessimistic,24.900000,6.900000,320,560,770,950,1600,2000,2700,2700,2800,2800,2800,401,107,210,442.1027338229421,13.600316999827555,2769.7452450001947,39.775561097256855
1781214432,50,GET,/stocks,5.000000,0.000000,80,110,130,140,210,320,340,340,340,340,340,77,0,68,86.3744396363431,9.99802199999067,344.91176300002735,126.94805194805195
1781214432,50,,Aggregated,47.500000,14.600000,410,700,960,1200,1700,2200,2500,2700,2800,2800,2800,776,225,280,514.6153300863407,9.99802199999067,2769.7452450001947,49.27061855670103
1781214433,50,POST,/orders/optimistic,17.800000,8.000000,900,1300,1600,1700,2200,2500,2700,2800,3100,3100,3100,317,128,490,773.7962543407016,41.572511000140366,3074.493858000096,42.12302839116719
1781214433,50,POST,/orders/pessimistic,24.100000,6.100000,380,600,880,1000,1700,2100,2700,2800,3000,3000,3000,423,110,220,464.1673931276603,13.600316999827555,2970.6417500001407,39.652482269503544
1781214433,50,GET,/stocks,5.000000,0.000000,80,110,130,140,210,320,340,340,340,340,340,78,0,68,86.43599441023606,9.99802199999067,344.91176300002735,126.93589743589743
1781214433,50,,Aggregated,46.900000,14.100000,470,810,1100,1300,1900,2300,2700,2800,3100,3100,3100,818,238,300,548.1396423997572,9.99802199999067,3074.493858000096,48.932762836185816
1781214434,50,POST,/orders/optimistic,17.700000,8.000000,900,1400,1600,1700,2300,2600,2700,2800,3100,3100,3100,340,144,510,799.6619539676542,41.572511000140366,3074.493858000096,42.497058823529414
1781214434,50,POST,/orders/pessimistic,25.200000,6.200000,390,600,880,1100,1700,2100,2900,3300,3600,3600,3600,450,122,220,483.7754769555554,13.600316999827555,3584.356410000055,39.85777777777778
1781214434,50,GET,/stocks,5.500000,0.000000,73,110,130,140,170,260,330,340,340,340,340,85,0,65,84.66777112939513,9.99802199999067,344.91176300002735,126.85882352941177
1781214434,50,,Aggregated,48.400000,14.200000,470,820,1100,1400,1900,2400,2800,3000,3600,3600,3600,875,266,310,567.7494737428588,9.99802199999067,3584.356410000055,49.334857142857146
1781214435,50,POST,/orders/optimistic,17.300000,7.700000,850,1200,1500,1700,2200,2600,2700,2800,3100,3100,3100,363,158,500,786.1080852727345,41.572511000140366,3074.493858000096,42.705234159779614
1781214435,50,POST,/orders/pessimistic,24.800000,6.000000,340,560,770,990,1600,2100,3300,3600,3600,3600,3600,480,135,220,486.407406433333,13.600316999827555,3636.0165099999904,40.0375
1781214435,50,GET,/stocks,5.100000,0.000000,73,110,130,140,160,210,210,260,260,260,260,90,0,65,85.18829633331835,9.99802199999067,344.91176300002735,126.81111111111112
1781214435,50,,Aggregated,47.200000,13.700000,440,740,1100,1300,1800,2400,2800,3300,3600,3600,3600,933,293,310,564.3083994769578,9.99802199999067,3636.0165099999904,49.445873526259376
1781214436,50,POST,/orders/optimistic,17.200000,8.100000,740,1100,1400,1600,2000,2500,2700,2800,3100,3100,3100,391,178,500,781.6098323452755,41.572511000140366,3074.493858000096,43.069053708439895
1781214436,50,POST,/orders/pessimistic,24.200000,5.400000,310,510,770,970,1500,2100,3400,3600,3700,3700,3700,516,150,210,480.95860015891475,13.600316999827555,3652.4136729999555,40.2093023255814
1781214436,50,GET,/stocks,5.000000,0.000000,80,110,130,140,160,210,210,260,260,260,260,98,0,65,83.05383651019133,9.99802199999067,344.91176300002735,126.74489795918367
1781214436,50,,Aggregated,46.400000,13.500000,410,650,980,1100,1700,2300,2800,3400,3700,3700,3700,1005,328,310,559.1277195094553,9.99802199999067,3652.4136729999555,49.76019900497512
1781214437,50,POST,/orders/optimistic,18.500000,9.300000,750,1100,1400,1600,1900,2500,2700,2800,3100,3100,3100,410,191,510,787.3126097951273,41.572511000140366,3074.493858000096,43.26341463414634
1781214437,50,POST,/orders/pessimistic,24.600000,6.100000,310,490,720,980,1500,2100,3600,3600,3800,3800,3800,541,165,210,484.900996295749,13.600316999827555,3770.9273099999336,40.46210720887246
1781214437,50,GET,/stocks,5.400000,0.000000,83,110,130,150,170,210,260,260,260,260,260,105,0,65,83.12262289522593,9.99802199999067,344.91176300002735,126.6952380952381
1781214437,50,,Aggregated,48.500000,15.400000,410,680,990,1200,1700,2300,3000,3600,3800,3800,3800,1056,356,310,562.365042060608,9.99802199999067,3770.9273099999336,50.12405303030303
1781214438,50,POST,/orders/optimistic,19.000000,9.900000,700,1100,1400,1600,2000,2500,2700,2800,3100,3100,3100,432,206,510,783.6516089050981,41.572511000140366,3074.493858000096,43.45601851851852
1781214438,50,POST,/orders/pessimistic,25.700000,6.500000,280,490,720,980,1700,2500,3600,3700,5800,5800,5800,569,181,210,493.5496357065049,13.600316999827555,5817.858100000194,40.70298769771529
1781214438,50,GET,/stocks,5.700000,0.000000,76,100,130,150,170,210,260,260,260,260,260,111,0,68,83.38150414413387,9.99802199999067,344.91176300002735,126.65765765765765
1781214438,50,,Aggregated,50.400000,16.400000,400,660,980,1200,1700,2400,3100,3600,5800,5800,5800,1112,387,300,565.3080797877728,9.99802199999067,5817.858100000194,50.35251798561151
1781214439,50,POST,/orders/optimistic,18.700000,10.300000,630,1100,1400,1500,2000,2600,2800,2800,3100,3100,3100,455,223,510,786.4124882659406,41.572511000140366,3074.493858000096,43.698901098901096
1781214439,50,POST,/orders/pessimistic,25.600000,7.500000,270,490,710,990,1900,2600,3600,3700,5800,5800,5800,593,190,210,501.264196573358,13.600316999827555,5817.858100000194,40.750421585160204
1781214439,50,GET,/stocks,5.500000,0.000000,83,120,130,150,170,210,260,260,260,260,260,115,0,71,84.19608056520978,9.99802199999067,344.91176300002735,126.63478260869566
1781214439,50,,Aggregated,49.800000,17.800000,430,620,950,1200,1800,2500,3100,3600,5800,5800,5800,1163,413,310,571.5820292295823,9.99802199999067,5817.858100000194,50.396388650042994
1781214440,50,POST,/orders/optimistic,19.000000,11.100000,630,950,1400,1500,2300,2700,2800,3100,3300,3300,3300,473,236,530,802.0391175940871,41.572511000140366,3329.42350899998,43.86257928118393
1781214440,50,POST,/orders/pessimistic,25.700000,8.200000,260,470,680,990,1800,2900,3600,3800,5800,5800,5800,616,200,210,503.550372251625,13.600316999827555,5817.858100000194,40.826298701298704
1781214440,50,GET,/stocks,5.000000,0.000000,76,100,130,150,160,170,260,260,260,260,260,118,0,68,83.11493278812908,9.99802199999067,344.91176300002735,126.61864406779661
1781214440,50,,Aggregated,49.700000,19.300000,430,620,920,1100,1800,2600,3300,3600,5800,5800,5800,1207,436,320,579.419299086996,9.99802199999067,5817.858100000194,50.40347970173985
1781214441,50,POST,/orders/optimistic,19.200000,11.800000,630,890,1400,1500,1900,2400,2800,3000,3300,3300,3300,498,255,550,820.1633356465932,41.572511000140366,3329.42350899998,44.09839357429719
1781214441,50,POST,/orders/pessimistic,24.700000,8.500000,210,430,670,1100,1900,3300,3800,4600,5800,5800,5800,649,216,210,530.9579316271187,13.600316999827555,5817.858100000194,40.97534668721109
1781214441,50,GET,/stocks,4.900000,0.000000,73,93,120,130,150,160,170,170,170,170,170,122,0,68,82.70174063114258,9.99802199999067,344.91176300002735,126.59836065573771
1781214441,50,,Aggregated,48.800000,20.300000,400,620,890,1200,1800,2600,3600,3800,5800,5800,5800,1269,471,330,601.3574871040215,9.99802199999067,5817.858100000194,50.43262411347518
1781214443,50,POST,/orders/optimistic,19.000000,12.600000,590,780,1100,1400,1700,2300,2700,3000,3300,3300,3300,521,270,550,811.9090275777415,41.572511000140366,3329.42350899998,44.22264875239923
1781214443,50,POST,/orders/pessimistic,24.000000,9.800000,200,380,650,970,1700,3100,3700,4600,5800,5800,5800,690,236,210,524.1332799521753,13.600316999827555,5817.858100000194,41.131884057971014
1781214443,50,GET,/stocks,4.800000,0.000000,73,93,120,130,150,160,250,250,250,250,250,129,0,71,84.67193328681597,9.99802199999067,344.91176300002735,126.56589147286822
1781214443,50,,Aggregated,47.800000,22.400000,370,570,770,990,1700,2500,3400,3800,5800,5800,5800,1340,506,330,593.7158551708987,9.99802199999067,5817.858100000194,50.55820895522388
1781214444,50,POST,/orders/optimistic,19.000000,12.600000,610,780,940,1400,1800,2400,2700,3000,3300,3300,3300,532,277,540,806.8398833345926,41.572511000140366,3329.42350899998,44.265037593984964
1781214444,50,POST,/orders/pessimistic,24.000000,9.800000,210,380,600,790,1600,2800,3800,4600,5800,5800,5800,710,253,210,517.0540876732406,13.600316999827555,5817.858100000194,41.391549295774645
1781214444,50,GET,/stocks,4.800000,0.000000,76,95,130,140,150,160,250,250,250,250,250,130,0,71,84.2381099846097,9.99802199999067,344.91176300002735,126.56153846153846
1781214444,50,,Aggregated,47.800000,22.400000,380,570,740,910,1700,2500,3300,3800,5800,5800,5800,1372,530,330,588.4097481632687,9.99802199999067,5817.858100000194,50.575801749271136
1781214445,50,POST,/orders/optimistic,19.000000,12.600000,610,780,930,1400,1800,2400,2700,3000,3300,3300,3300,532,277,540,806.8398833345926,41.572511000140366,3329.42350899998,44.265037593984964
1781214445,50,POST,/orders/pessimistic,24.000000,9.800000,210,380,570,730,1600,2600,3800,4600,5800,5800,5800,710,253,210,517.0540876732406,13.600316999827555,5817.858100000194,41.391549295774645
1781214445,50,GET,/stocks,4.800000,0.000000,76,95,120,130,150,160,250,250,250,250,250,130,0,71,84.2381099846097,9.99802199999067,344.91176300002735,126.56153846153846
1781214445,50,,Aggregated,47.800000,22.400000,380,580,720,880,1700,2400,3100,3800,5800,5800,5800,1372,530,330,588.4097481632687,9.99802199999067,5817.858100000194,50.575801749271136
1781214446,50,POST,/orders/optimistic,19.000000,12.600000,620,780,880,1400,2000,2500,2800,3000,3300,3300,3300,532,277,540,806.8398833345926,41.572511000140366,3329.42350899998,44.265037593984964
1781214446,50,POST,/orders/pessimistic,24.000000,9.800000,230,430,640,920,1800,2800,3800,5000,5800,5800,5800,710,253,210,517.0540876732406,13.600316999827555,5817.858100000194,41.391549295774645
1781214446,50,GET,/stocks,4.800000,0.000000,84,120,130,140,160,160,250,250,250,250,250,130,0,71,84.2381099846097,9.99802199999067,344.91176300002735,126.56153846153846
1781214446,50,,Aggregated,47.800000,22.400000,420,610,740,890,1800,2600,3300,3800,5800,5800,5800,1372,530,330,588.4097481632687,9.99802199999067,5817.858100000194,50.575801749271136
1781214447,50,POST,/orders/optimistic,19.000000,12.600000,590,770,880,1400,2100,2600,2800,3000,3300,3300,3300,532,277,540,806.8398833345926,41.572511000140366,3329.42350899998,44.265037593984964
1781214447,50,POST,/orders/pessimistic,24.000000,9.800000,230,440,670,920,1600,2600,3700,4600,5000,5000,5000,710,253,210,517.0540876732406,13.600316999827555,5817.858100000194,41.391549295774645
1781214447,50,GET,/stocks,4.800000,0.000000,84,120,130,140,150,160,250,250,250,250,250,130,0,71,84.2381099846097,9.99802199999067,344.91176300002735,126.56153846153846
1781214447,50,,Aggregated,47.800000,22.400000,420,600,770,890,1800,2600,3100,3800,5000,5000,5000,1372,530,330,588.4097481632687,9.99802199999067,5817.858100000194,50.575801749271136
1781214448,50,POST,/orders/optimistic,19.000000,12.600000,640,800,940,1500,2300,2700,3000,3300,3300,3300,3300,532,277,540,806.8398833345926,41.572511000140366,3329.42350899998,44.265037593984964
1781214448,50,POST,/orders/pessimistic,24.000000,9.800000,250,440,670,970,1600,2800,3800,4600,5000,5000,5000,710,253,210,517.0540876732406,13.600316999827555,5817.858100000194,41.391549295774645
1781214448,50,GET,/stocks,4.800000,0.000000,84,100,130,130,160,250,250,250,250,250,250,130,0,71,84.2381099846097,9.99802199999067,344.91176300002735,126.56153846153846
1781214448,50,,Aggregated,47.800000,22.400000,430,620,800,970,1800,2600,3300,3800,5000,5000,5000,1372,530,330,588.4097481632687,9.99802199999067,5817.858100000194,50.575801749271136
1781214449,50,POST,/orders/optimistic,19.000000,12.600000,690,840,1100,1600,2100,2400,3000,3300,3300,3300,3300,532,277,540,806.8398833345926,41.572511000140366,3329.42350899998,44.265037593984964
1781214449,50,POST,/orders/pessimistic,24.000000,9.800000,240,420,720,920,1500,2900,3800,4600,5000,5000,5000,710,253,210,517.0540876732406,13.600316999827555,5817.858100000194,41.391549295774645
1781214449,50,GET,/stocks,4.800000,0.000000,74,93,130,140,160,250,250,250,250,250,250,130,0,71,84.2381099846097,9.99802199999067,344.91176300002735,126.56153846153846
1781214449,50,,Aggregated,47.800000,22.400000,400,640,830,990,1800,2700,3700,4600,5000,5000,5000,1372,530,330,588.4097481632687,9.99802199999067,5817.858100000194,50.575801749271136
1781214450,50,POST,/orders/optimistic,19.000000,12.600000,620,800,890,1500,2000,2300,2400,2400,2400,2400,2400,532,277,540,806.8398833345926,41.572511000140366,3329.42350899998,44.265037593984964
1781214450,50,POST,/orders/pessimistic,24.000000,9.800000,230,430,720,970,1500,2900,4600,5000,5000,5000,5000,710,253,210,517.0540876732406,13.600316999827555,5817.858100000194,41.391549295774645
1781214450,50,GET,/stocks,4.800000,0.000000,93,100,140,140,160,250,250,250,250,250,250,130,0,71,84.2381099846097,9.99802199999067,344.91176300002735,126.56153846153846
1781214450,50,,Aggregated,47.800000,22.400000,380,600,790,970,1700,2300,3100,4600,5000,5000,5000,1372,530,330,588.4097481632687,9.99802199999067,5817.858100000194,50.575801749271136
1781214451,50,POST,/orders/optimistic,19.000000,12.600000,470,550,700,800,1300,1700,2000,2000,2000,2000,2000,532,277,540,806.8398833345926,41.572511000140366,3329.42350899998,44.265037593984964
1781214451,50,POST,/orders/pessimistic,24.000000,9.800000,180,320,440,540,830,1200,1800,2900,2900,2900,2900,710,253,210,517.0540876732406,13.600316999827555,5817.858100000194,41.391549295774645
1781214451,50,GET,/stocks,4.800000,0.000000,130,140,160,160,250,250,250,250,250,250,250,130,0,71,84.2381099846097,9.99802199999067,344.91176300002735,126.56153846153846
1781214451,50,,Aggregated,47.800000,22.400000,290,440,540,640,880,1400,1800,2000,2900,2900,2900,1372,530,330,588.4097481632687,9.99802199999067,5817.858100000194,50.575801749271136
1781214452,50,POST,/orders/optimistic,19.000000,12.600000,500,550,650,650,880,1300,1300,1300,1300,1300,1300,532,277,540,806.8398833345926,41.572511000140366,3329.42350899998,44.265037593984964
1781214452,50,POST,/orders/pessimistic,24.000000,9.800000,220,320,440,500,580,730,830,830,830,830,830,710,253,210,517.0540876732406,13.600316999827555,5817.858100000194,41.391549295774645
1781214452,50,GET,/stocks,4.800000,0.000000,28,28,28,28,28,28,28,28,28,28,28,130,0,71,84.2381099846097,9.99802199999067,344.91176300002735,126.56153846153846
1781214452,50,,Aggregated,47.800000,22.400000,340,470,540,550,730,880,1300,1300,1300,1300,1300,1372,530,330,588.4097481632687,9.99802199999067,5817.858100000194,50.575801749271136
1781214453,50,POST,/orders/optimistic,19.000000,12.600000,500,550,650,650,880,1300,1300,1300,1300,1300,1300,532,277,540,806.8398833345926,41.572511000140366,3329.42350899998,44.265037593984964
1781214453,50,POST,/orders/pessimistic,24.000000,9.800000,220,320,440,500,580,730,830,830,830,830,830,710,253,210,517.0540876732406,13.600316999827555,5817.858100000194,41.391549295774645
1781214453,50,GET,/stocks,4.800000,0.000000,28,28,28,28,28,28,28,28,28,28,28,130,0,71,84.2381099846097,9.99802199999067,344.91176300002735,126.56153846153846
1781214453,50,,Aggregated,47.800000,22.400000,340,470,540,550,730,880,1300,1300,1300,1300,1300,1372,530,330,588.4097481632687,9.99802199999067,5817.858100000194,50.575801749271136
1781214454,50,POST,/orders/optimistic,19.000000,12.600000,500,550,650,650,880,1300,1300,1300,1300,1300,1300,532,277,540,806.8398833345926,41.572511000140366,3329.42350899998,44.265037593984964
1781214454,50,POST,/orders/pessimistic,24.000000,9.800000,220,320,440,500,580,730,830,830,830,830,830,710,253,210,517.0540876732406,13.600316999827555,5817.858100000194,41.391549295774645
1781214454,50,GET,/stocks,4.800000,0.000000,28,28,28,28,28,28,28,28,28,28,28,130,0,71,84.2381099846097,9.99802199999067,344.91176300002735,126.56153846153846
1781214454,50,,Aggregated,47.800000,22.400000,340,470,540,550,730,880,1300,1300,1300,1300,1300,1372,530,330,588.4097481632687,9.99802199999067,5817.858100000194,50.575801749271136
1781214455,50,POST,/orders/optimistic,19.000000,12.600000,500,550,650,650,880,1300,1300,1300,1300,1300,1300,532,277,540,806.8398833345926,41.572511000140366,3329.42350899998,44.265037593984964
1781214455,50,POST,/orders/pessimistic,24.000000,9.800000,220,320,440,500,580,730,830,830,830,830,830,710,253,210,517.0540876732406,13.600316999827555,5817.858100000194,41.391549295774645
1781214455,50,GET,/stocks,4.800000,0.000000,28,28,28,28,28,28,28,28,28,28,28,130,0,71,84.2381099846097,9.99802199999067,344.91176300002735,126.56153846153846
1781214455,50,,Aggregated,47.800000,22.400000,340,470,540,550,730,880,1300,1300,1300,1300,1300,1372,530,330,588.4097481632687,9.99802199999067,5817.858100000194,50.575801749271136
1781214456,50,POST,/orders/optimistic,19.000000,12.600000,500,550,650,650,880,1300,1300,1300,1300,1300,1300,532,277,540,806.8398833345926,41.572511000140366,3329.42350899998,44.265037593984964
1781214456,50,POST,/orders/pessimistic,24.000000,9.800000,220,320,440,500,580,730,830,830,830,830,830,710,253,210,517.0540876732406,13.600316999827555,5817.858100000194,41.391549295774645
1781214456,50,GET,/stocks,4.800000,0.000000,28,28,28,28,28,28,28,28,28,28,28,130,0,71,84.2381099846097,9.99802199999067,344.91176300002735,126.56153846153846
1781214456,50,,Aggregated,47.800000,22.400000,340,470,540,550,730,880,1300,1300,1300,1300,1300,1372,530,330,588.4097481632687,9.99802199999067,5817.858100000194,50.575801749271136
1781214457,50,POST,/orders/optimistic,19.000000,12.600000,500,550,650,650,880,1300,1300,1300,1300,1300,1300,532,277,540,806.8398833345926,41.572511000140366,3329.42350899998,44.265037593984964
1781214457,50,POST,/orders/pessimistic,24.000000,9.800000,220,320,440,500,580,730,830,830,830,830,830,710,253,210,517.0540876732406,13.600316999827555,5817.858100000194,41.391549295774645
1781214457,50,GET,/stocks,4.800000,0.000000,28,28,28,28,28,28,28,28,28,28,28,130,0,71,84.2381099846097,9.99802199999067,344.91176300002735,126.56153846153846
1781214457,50,,Aggregated,47.800000,22.400000,340,470,540,550,730,880,1300,1300,1300,1300,1300,1372,530,330,588.4097481632687,9.99802199999067,5817.858100000194,50.575801749271136
1781214458,50,POST,/orders/optimistic,19.000000,12.600000,500,550,650,650,880,1300,1300,1300,1300,1300,1300,532,277,540,806.8398833345926,41.572511000140366,3329.42350899998,44.265037593984964
1781214458,50,POST,/orders/pessimistic,24.000000,9.800000,220,320,440,500,580,730,830,830,830,830,830,710,253,210,517.0540876732406,13.600316999827555,5817.858100000194,41.391549295774645
1781214458,50,GET,/stocks,4.800000,0.000000,28,28,28,28,28,28,28,28,28,28,28,130,0,71,84.2381099846097,9.99802199999067,344.91176300002735,126.56153846153846
1781214458,50,,Aggregated,47.800000,22.400000,340,470,540,550,730,880,1300,1300,1300,1300,1300,1372,530,330,588.4097481632687,9.99802199999067,5817.858100000194,50.575801749271136
1781214459,50,POST,/orders/optimistic,0.000000,0.000000,16000,16000,16000,17000,18000,18000,18000,18000,18000,18000,18000,543,285,550,1125.2217748029527,41.572511000140366,17657.81935699988,44.34438305709024
1781214459,50,POST,/orders/pessimistic,0.000000,0.000000,280,580,15000,15000,16000,17000,17000,17000,17000,17000,17000,734,269,220,781.9936179441429,13.600316999827555,16765.714967000124,41.56948228882834
1781214459,50,GET,/stocks,0.000000,0.000000,15000,15000,15000,15000,15000,15000,15000,15000,15000,15000,15000,132,0,71,311.46182381817505,9.99802199999067,15115.925994999998,126.5530303030303
1781214459,50,,Aggregated,0.000000,0.000000,540,15000,16000,16000,17000,17000,18000,18000,18000,18000,18000,1409,554,330,870.1857345869439,9.99802199999067,17657.81935699988,50.60042583392477
1781214460,50,POST,/orders/optimistic,0.000000,0.000000,16000,17000,18000,18000,18000,18000,18000,18000,18000,18000,18000,560,294,560,1379.113961692863,41.572511000140366,17943.8232,44.35
1781214460,50,POST,/orders/pessimistic,0.000000,0.000000,610,15000,16000,17000,17000,17000,17000,17000,17000,17000,17000,764,281,220,1002.8211921727764,13.600316999827555,17291.888502000118,41.59162303664922
1781214460,50,GET,/stocks,0.000000,0.000000,120,15000,15000,15000,15000,15000,15000,15000,15000,15000,15000,135,0,71,305.5375936370301,7.384510000065347,15115.925994999998,126.54074074074074
1781214460,50,,Aggregated,0.000000,0.000000,15000,16000,17000,17000,18000,18000,18000,18000,18000,18000,18000,1459,575,340,1082.7325459280353,7.384510000065347,17943.8232,50.5106237148732
1781214461,50,POST,/orders/optimistic,0.100000,0.000000,16000,16000,17000,18000,18000,18000,18000,18000,18000,18000,18000,580,310,570,1481.416519787939,41.572511000140366,18044.120338000084,44.52413793103448
1781214461,50,POST,/orders/pessimistic,0.700000,0.400000,270,660,15000,15000,17000,17000,17000,17000,17000,17000,17000,802,305,220,972.1111134700751,13.600316999827555,17291.888502000118,41.81795511221945
1781214461,50,GET,/stocks,0.100000,0.000000,170,230,380,15000,15000,15000,15000,15000,15000,15000,15000,140,0,71,300.74180013570935,7.384510000065347,15115.925994999998,126.52142857142857
1781214461,50,,Aggregated,0.900000,0.400000,600,2300,16000,16000,17000,18000,18000,18000,18000,18000,18000,1522,615,340,1104.4405693160343,7.384510000065347,18044.120338000084,50.64060446780552
1781214463,50,POST,/orders/optimistic,1.300000,0.900000,1700,16000,16000,17000,18000,18000,18000,18000,18000,18000,18000,593,317,570,1466.5280777419966,41.572511000140366,18044.120338000084,44.53794266441821
1781214463,50,POST,/orders/pessimistic,2.800000,1.700000,240,520,1200,2500,16000,17000,17000,17000,17000,17000,17000,834,325,220,951.5561418345317,13.600316999827555,17291.888502000118,41.98441247002398
1781214463,50,GET,/stocks,0.200000,0.000000,140,180,230,380,15000,15000,15000,15000,15000,15000,15000,145,0,74,295.23495769654517,7.384510000065347,15115.925994999998,126.50344827586207
1781214463,50,,Aggregated,4.300000,2.600000,430,1100,15000,16000,17000,18000,18000,18000,18000,18000,18000,1572,642,330,1085.2786521991118,7.384510000065347,18044.120338000084,50.74363867684478
1781214464,50,POST,/orders/optimistic,4.800000,3.300000,1200,2300,16000,16000,18000,18000,18000,18000,18000,18000,18000,619,337,580,1454.8423415008142,41.572511000140366,18044.120338000084,44.7205169628433
1781214464,50,POST,/orders/pessimistic,9.200000,5.200000,240,500,820,1600,16000,17000,17000,17000,17000,17000,17000,860,336,220,936.6478008988355,13.600316999827555,17291.888502000118,42.009302325581395
1781214464,50,GET,/stocks,1.000000,0.000000,130,170,190,230,15000,15000,15000,15000,15000,15000,15000,148,0,74,290.77853146621055,7.384510000065347,15115.925994999998,126.49324324324324
1781214464,50,,Aggregated,15.000000,8.500000,430,910,1900,3000,17000,17000,18000,18000,18000,18000,18000,1627,673,340,1075.0459378113112,7.384510000065347,18044.120338000084,50.725875845113706
1781214465,50,POST,/orders/optimistic,6.100000,4.000000,730,1700,2700,16000,17000,18000,18000,18000,18000,18000,18000,643,349,560,1420.563495651639,41.572511000140366,18044.120338000084,44.71384136858476
1781214465,50,POST,/orders/pessimistic,12.400000,7.200000,240,540,1000,1400,15000,17000,17000,17000,17000,17000,17000,897,351,220,922.2329082240789,13.600316999827555,17291.888502000118,42.020066889632105
1781214465,50,GET,/stocks,1.500000,0.000000,78,120,140,180,380,15000,15000,15000,15000,15000,15000,159,0,73,273.62388245911546,7.384510000065347,15115.925994999998,126.45911949685535
1781214465,50,,Aggregated,20.000000,11.200000,400,730,1400,2000,16000,17000,18000,18000,18000,18000,18000,1699,700,340,1050.1303376645105,7.384510000065347,18044.120338000084,50.94173042966451
1781214466,50,POST,/orders/optimistic,8.600000,5.900000,720,1700,2300,2800,17000,18000,18000,18000,18000,18000,18000,668,369,560,1410.2286779895271,41.572511000140366,18044.120338000084,44.884730538922156
1781214466,50,POST,/orders/pessimistic,14.700000,8.200000,230,480,800,1200,15000,16000,17000,17000,17000,17000,17000,934,373,210,897.8045124400404,13.600316999827555,17291.888502000118,42.16488222698073
1781214466,50,GET,/stocks,1.800000,0.000000,82,120,130,170,240,15000,15000,15000,15000,15000,15000,168,0,73,264.18636050594483,7.384510000065347,15115.925994999998,126.43452380952381
1781214466,50,,Aggregated,25.100000,14.100000,380,650,1200,1700,16000,17000,18000,18000,18000,18000,18000,1770,742,330,1031.0539435485884,7.384510000065347,18044.120338000084,51.18983050847458
1781214467,50,POST,/orders/optimistic,10.800000,7.100000,620,1500,1900,2700,16000,18000,18000,18000,18000,18000,18000,685,382,560,1394.0548647430721,41.572511000140366,18044.120338000084,44.98394160583942
1781214467,50,POST,/orders/pessimistic,18.100000,9.400000,230,480,760,1000,2500,16000,17000,17000,17000,17000,17000,958,382,220,884.4643831210836,13.600316999827555,17291.888502000118,42.16179540709812
1781214467,50,GET,/stocks,2.500000,0.000000,80,110,130,170,240,15000,15000,15000,15000,15000,15000,169,0,73,263.0376587751403,7.384510000065347,15115.925994999998,126.4319526627219
1781214467,50,,Aggregated,31.400000,16.500000,390,610,1100,1600,15000,17000,18000,18000,18000,18000,18000,1812,764,340,1019.1489104370872,7.384510000065347,18044.120338000084,51.088300220750554
1781214468,50,POST,/orders/optimistic,12.400000,8.100000,620,1300,1700,2200,16000,18000,18000,18000,18000,18000,18000,705,393,560,1371.4223945588706,41.572511000140366,18044.120338000084,44.98297872340426
1781214468,50,POST,/orders/pessimistic,21.700000,11.400000,220,430,660,870,2100,16000,17000,17000,17000,17000,17000,988,396,220,877.3053677429132,13.600316999827555,17291.888502000118,42.20445344129555
1781214468,50,GET,/stocks,3.600000,0.000000,77,86,120,130,190,240,15000,15000,15000,15000,15000,173,0,71,257.8179018150206,7.384510000065347,15115.925994999998,126.42196531791907
1781214468,50,,Aggregated,37.700000,19.500000,380,580,920,1300,2700,17000,18000,18000,18000,18000,18000,1866,789,340,1006.5557280321551,7.384510000065347,18044.120338000084,51.062165058949624
1781214469,50,POST,/orders/optimistic,14.800000,10.100000,560,940,1600,1800,2800,17000,18000,18000,18000,18000,18000,734,416,560,1357.3933229059987,41.572511000140366,18044.120338000084,45.1566757493188
1781214469,50,POST,/orders/pessimistic,24.100000,12.800000,180,390,580,820,1600,2500,17000,17000,17000,17000,17000,1028,415,210,862.9064247616718,13.600316999827555,17291.888502000118,42.27431906614786
1781214469,50,GET,/stocks,3.900000,0.000000,70,85,120,130,180,230,380,380,380,380,380,176,0,70,254.21709482385643,7.384510000065347,15115.925994999998,126.41477272727273
1781214469,50,,Aggregated,42.800000,22.900000,340,540,790,1200,2200,2900,17000,18000,18000,18000,18000,1938,831,330,994.9105842915384,7.384510000065347,18044.120338000084,51.00722394220846
1781214470,50,POST,/orders/optimistic,16.800000,11.300000,540,720,1400,1700,2400,2800,3500,17000,18000,18000,18000,752,430,560,1349.7778037739404,41.572511000140366,18044.120338000084,45.255319148936174
1781214470,50,POST,/orders/pessimistic,26.500000,13.900000,170,340,550,740,1400,2000,2500,2600,2700,2700,2700,1059,435,210,850.389547525023,13.600316999827555,17291.888502000118,42.41265344664778
1781214470,50,GET,/stocks,4.100000,0.000000,70,85,120,130,230,260,390,390,390,390,390,183,0,70,249.40484290163272,7.384510000065347,15115.925994999998,126.39890710382514
1781214470,50,,Aggregated,47.400000,25.200000,310,500,660,940,1700,2400,2800,3100,18000,18000,18000,1994,865,340,983.5689696680048,7.384510000065347,18044.120338000084,51.1925777331996
1781214471,50,POST,/orders/optimistic,19.200000,13.200000,540,710,1300,1600,2300,2800,3100,3500,3700,3700,3700,773,447,560,1336.1521825446346,41.572511000140366,18044.120338000084,45.38292367399741
1781214471,50,POST,/orders/pessimistic,29.500000,15.200000,180,400,580,830,1400,2000,2500,2600,2700,2700,2700,1085,447,210,839.5924391944694,13.600316999827555,17291.888502000118,42.440552995391705
1781214471,50,GET,/stocks,4.200000,0.000000,77,110,130,140,240,260,390,390,390,390,390,189,0,73,247.60792463491396,7.384510000065347,15115.925994999998,126.3862433862434
1781214471,50,,Aggregated,52.900000,28.400000,350,530,690,950,1600,2300,2700,2900,3700,3700,3700,2047,894,340,972.4481345329755,7.384510000065347,18044.120338000084,51.30239374694675
1781214472,50,POST,/orders/optimistic,19.700000,13.600000,560,720,1200,1500,2300,2800,3400,3700,3700,3700,3700,792,458,560,1325.8752993371252,41.572511000140366,18044.120338000084,45.39141414141414
1781214472,50,POST,/orders/pessimistic,30.900000,15.800000,190,420,600,830,1400,2100,2500,2600,2700,2700,2700,1107,458,210,833.5576739205053,13.600316999827555,17291.888502000118,42.47425474254742
1781214472,50,GET,/stocks,4.900000,0.000000,70,93,130,140,260,320,390,390,390,390,390,192,0,73,247.29830582291015,7.384510000065347,15115.925994999998,126.38020833333333
1781214472,50,,Aggregated,55.500000,29.400000,380,550,710,950,1600,2400,2800,3000,3700,3700,3700,2091,916,340,966.1993576389295,7.384510000065347,18044.120338000084,51.283596365375416
1781214473,50,POST,/orders/optimistic,19.500000,13.700000,560,710,1000,1500,2100,2800,3500,3700,3900,3900,3900,804,465,560,1320.5493857338345,41.572511000140366,18044.120338000084,45.398009950248756
1781214473,50,POST,/orders/pessimistic,30.100000,15.700000,190,350,590,830,1400,2200,2600,3400,3500,3500,3500,1134,471,210,830.235182475308,13.600316999827555,17291.888502000118,42.51234567901235
1781214473,50,GET,/stocks,5.100000,0.000000,77,110,140,150,260,320,390,390,390,390,390,198,0,74,243.48348311615484,7.384510000065347,15115.925994999998,126.36868686868686
1781214473,50,,Aggregated,54.700000,29.400000,330,540,700,890,1600,2400,2900,3400,3900,3900,3900,2136,936,340,960.4017475252818,7.384510000065347,18044.120338000084,51.37172284644195
1781214474,50,POST,/orders/optimistic,19.800000,14.000000,640,800,1300,1600,2500,3400,4500,4800,5000,5000,5000,823,481,580,1342.096821211426,41.572511000140366,18044.120338000084,45.506682867557714
1781214474,50,POST,/orders/pessimistic,28.900000,14.400000,190,360,600,940,2000,2600,3400,3500,3600,3600,3600,1165,484,210,836.2199732042906,13.600316999827555,17291.888502000118,42.521030042918454
1781214474,50,GET,/stocks,5.000000,0.000000,99,130,140,160,260,330,390,390,390,390,390,206,0,77,237.75852340290464,7.384510000065347,15115.925994999998,126.35436893203884
1781214474,50,,Aggregated,53.700000,28.400000,380,600,800,1100,2100,2800,3600,4500,5000,5000,5000,2194,965,340,969.7904322976306,7.384510000065347,18044.120338000084,51.512306289881494
1781214476,50,POST,/orders/optimistic,18.600000,12.900000,640,800,1100,1500,2600,3400,4500,4800,5000,5000,5000,852,499,570,1323.1087364542295,41.572511000140366,18044.120338000084,45.5387323943662
1781214476,50,POST,/orders/pessimistic,27.700000,13.600000,190,340,590,950,1800,2600,3400,3500,3600,3600,3600,1205,504,210,821.0629080531123,13.600316999827555,17291.888502000118,42.57676348547718
1781214476,50,GET,/stocks,5.000000,0.000000,96,130,140,150,260,330,390,390,390,390,390,216,0,76,230.51506432406754,7.384510000065347,15115.925994999998,126.33796296296296
1781214476,50,,Aggregated,51.300000,26.500000,340,560,790,970,2000,2800,3500,4500,5000,5000,5000,2273,1003,330,953.1283332850873,7.384510000065347,18044.120338000084,51.6467223933128
1781214477,50,POST,/orders/optimistic,18.300000,13.300000,600,800,1200,1500,2600,3400,4500,4800,5000,5000,5000,872,511,560,1305.0380448750043,41.572511000140366,18044.120338000084,45.553899082568805
1781214477,50,POST,/orders/pessimistic,27.400000,13.700000,180,290,550,890,1800,2500,3400,3500,3600,3600,3600,1243,526,210,804.7797106242963,13.600316999827555,17291.888502000118,42.67256637168141
1781214477,50,GET,/stocks,5.100000,0.000000,93,120,140,140,260,340,390,480,480,480,480,227,0,76,224.56910234360478,7.384510000065347,15115.925994999998,126.3215859030837
1781214477,50,,Aggregated,50.800000,27.000000,290,510,740,950,1900,2700,3500,4500,5000,5000,5000,2342,1037,330,934.8042449483349,7.384510000065347,18044.120338000084,51.8531169940222
1781214478,50,POST,/orders/optimistic,19.500000,14.000000,560,780,1000,1200,2300,3100,4500,4800,5000,5000,5000,894,531,560,1291.463341309848,41.572511000140366,18044.120338000084,45.69798657718121
1781214478,50,POST,/orders/pessimistic,27.300000,13.300000,190,310,590,830,1500,2100,3400,3500,3600,3600,3600,1274,543,210,796.2247399921508,13.600316999827555,17291.888502000118,42.72998430141287
1781214478,50,GET,/stocks,5.000000,0.000000,92,120,140,150,320,390,690,790,790,790,790,237,0,75,223.45647942615423,7.384510000065347,15115.925994999998,126.30801687763713
1781214478,50,,Aggregated,51.800000,27.300000,300,520,730,890,1600,2500,3500,4500,5000,5000,5000,2405,1074,330,923.8743166340951,7.384510000065347,18044.120338000084,52.06943866943867
1781214479,50,POST,/orders/optimistic,19.000000,13.200000,640,820,1100,1500,2400,3100,4500,4800,5000,5000,5000,910,542,560,1286.6695999736312,41.572511000140366,18044.120338000084,45.73516483516484
1781214479,50,POST,/orders/pessimistic,28.500000,14.100000,190,300,520,770,1400,2200,3400,3500,3600,3600,3600,1304,561,210,786.0640569171773,13.600316999827555,17291.888502000118,42.81211656441718
1781214479,50,GET,/stocks,5.800000,0.000000,92,120,140,140,320,480,690,790,790,790,790,238,0,74,222.74332051259879,7.384510000065347,15115.925994999998,126.30672268907563
1781214479,50,,Aggregated,53.300000,27.300000,330,550,750,900,1600,2600,3500,4500,5000,5000,5000,2452,1103,330,917.1736445668822,7.384510000065347,18044.120338000084,52.00122349102773
1781214480,50,POST,/orders/optimistic,18.900000,13.700000,610,820,1100,1500,2400,3500,4500,4800,5000,5000,5000,937,563,560,1278.562474323377,41.572511000140366,18044.120338000084,45.83564567769477
1781214480,50,POST,/orders/pessimistic,29.300000,14.900000,180,280,500,750,1500,2200,3400,3500,3600,3600,3600,1330,577,210,780.3001755473683,13.600316999827555,17291.888502000118,42.8812030075188
1781214480,50,GET,/stocks,6.400000,0.000000,88,110,140,140,260,480,690,790,790,790,790,245,0,74,219.09047095101428,7.384510000065347,15115.925994999998,126.29795918367347
1781214480,50,,Aggregated,54.600000,28.600000,290,540,740,930,1700,2700,3500,4500,5000,5000,5000,2512,1140,330,911.4209543399656,7.384510000065347,18044.120338000084,52.119028662420384
1781214481,50,POST,/orders/optimistic,17.800000,12.800000,540,750,1000,1200,2100,3300,4500,4800,5000,5000,5000,959,578,550,1258.270240442132,41.572511000140366,18044.120338000084,45.877997914494266
1781214481,50,POST,/orders/pessimistic,28.600000,14.900000,170,280,530,820,1600,2300,3400,3500,3600,3600,3600,1364,592,210,775.117485530059,13.600316999827555,17291.888502000118,42.893695014662754
1781214481,50,GET,/stocks,6.500000,0.000000,69,99,120,140,220,340,690,790,790,790,790,254,0,71,212.37858137794768,7.384510000065347,15115.925994999998,126.28740157480316
1781214481,50,,Aggregated,52.900000,27.700000,270,490,730,890,1700,2700,3500,3900,5000,5000,5000,2577,1170,330,899.4511333011227,7.384510000065347,18044.120338000084,52.22390376406675
1781214482,50,POST,/orders/optimistic,18.900000,13.800000,510,740,1000,1200,2400,3500,4500,4800,5000,5000,5000,965,582,550,1256.3971577129585,41.572511000140366,18044.120338000084,45.88911917098446
1781214482,50,POST,/orders/pessimistic,27.700000,14.500000,160,280,550,820,1600,2300,3400,3500,3600,3600,3600,1384,599,210,772.5493792514461,13.600316999827555,17291.888502000118,42.88294797687861
1781214482,50,GET,/stocks,6.300000,0.000000,69,99,120,140,230,340,690,790,790,790,790,258,0,73,212.57094499611944,7.384510000065347,15115.925994999998,126.28294573643412
1781214482,50,,Aggregated,52.900000,28.300000,260,480,710,890,1700,2700,3500,3900,5000,5000,5000,2607,1181,330,896.231262710393,7.384510000065347,18044.120338000084,52.24932873034139
1781214483,50,POST,/orders/optimistic,19.200000,13.800000,540,830,1100,1300,2700,3700,4500,4800,5000,5000,5000,982,597,560,1260.7396925875819,41.572511000140366,18044.120338000084,45.9755600814664
1781214483,50,POST,/orders/pessimistic,27.900000,14.600000,180,290,630,860,1700,2300,3000,3500,3600,3600,3600,1414,619,210,770.686293586989,13.600316999827555,17291.888502000118,42.975247524752476
1781214483,50,GET,/stocks,6.500000,0.000000,71,100,120,140,300,460,690,790,790,790,790,263,0,74,212.24070984790464,7.384510000065347,15115.925994999998,126.27756653992395
1781214483,50,,Aggregated,53.600000,28.400000,270,500,750,980,1700,2700,3600,4100,5000,5000,5000,2659,1216,330,896.4332846720558,7.384510000065347,18044.120338000084,52.32267769838285
1781214484,50,POST,/orders/optimistic,18.600000,13.200000,510,780,1100,1200,2500,3700,3900,4100,4100,4100,4100,996,608,560,1272.8853687530172,41.572511000140366,18044.120338000084,46.0210843373494
1781214484,50,POST,/orders/pessimistic,28.400000,14.500000,180,280,550,810,1500,1900,2700,3500,3900,3900,3900,1438,634,210,769.4256712468728,13.600316999827555,17291.888502000118,43.034770514603615
1781214484,50,GET,/stocks,6.500000,0.000000,67,100,140,170,340,460,690,790,790,790,790,269,0,75,211.76363579553367,7.384510000065347,15115.925994999998,126.27137546468401
1781214484,50,,Aggregated,53.500000,27.700000,280,480,710,880,1600,2500,3700,3900,4100,4100,4100,2703,1242,330,899.4422347613744,7.384510000065347,18044.120338000084,52.418793932667405
1781214485,50,POST,/orders/optimistic,18.100000,13.200000,560,870,1100,1500,3000,3700,4000,4100,4900,4900,4900,1018,623,570,1276.4798396237773,41.572511000140366,18044.120338000084,46.053045186640475
1781214485,50,POST,/orders/pessimistic,28.200000,14.700000,190,360,560,820,1600,2100,3200,3700,3900,3900,3900,1469,650,210,766.5089577712748,13.600316999827555,17291.888502000118,43.071477195371
1781214485,50,GET,/stocks,6.600000,0.000000,69,99,140,170,380,480,690,790,790,790,790,272,0,74,210.11605762499423,7.384510000065347,15115.925994999998,126.26838235294117
1781214485,50,,Aggregated,53.000000,27.900000,300,510,770,990,1700,2700,3700,3900,4900,4900,4900,2759,1273,330,899.8222919090225,7.384510000065347,18044.120338000084,52.37368611815875
1781214486,50,POST,/orders/optimistic,18.700000,14.000000,620,960,1200,1700,2800,3700,4000,4100,4900,4900,4900,1044,642,570,1268.943434141768,41.572511000140366,18044.120338000084,46.11015325670498
1781214486,50,POST,/orders/pessimistic,28.600000,15.200000,190,420,710,860,1600,2400,3500,3700,3900,3900,3900,1502,667,210,762.3818779527317,13.600316999827555,17291.888502000118,43.105193075898804
1781214486,50,GET,/stocks,6.600000,0.000000,71,110,150,180,380,460,790,790,790,790,790,276,0,75,208.7463936884004,7.384510000065347,15115.925994999998,126.26449275362319
1781214486,50,,Aggregated,53.900000,29.200000,360,560,820,1100,1900,3000,3700,3900,4900,4900,4900,2822,1309,330,895.637324800494,7.384510000065347,18044.120338000084,52.350106307583275
1781214488,50,POST,/orders/optimistic,17.700000,13.000000,640,1000,1300,1900,3300,3800,4000,4100,4900,4900,4900,1054,650,580,1266.3201145939336,41.572511000140366,18044.120338000084,46.14421252371916
1781214488,50,POST,/orders/pessimistic,28.000000,15.300000,210,430,720,990,1800,2700,3500,3700,3900,3900,3900,1515,675,210,762.1490025273943,13.600316999827555,17291.888502000118,43.133993399339936
1781214488,50,GET,/stocks,6.300000,0.000000,84,140,180,230,380,460,810,810,810,810,810,278,0,75,211.06618996402347,7.384510000065347,15115.925994999998,126.26258992805755
1781214488,50,,Aggregated,52.000000,28.300000,380,620,880,1200,2200,3300,3800,3900,4900,4900,4900,2847,1325,340,894.9889499195623,7.384510000065347,18044.120338000084,52.36564805057956
1781214489,50,POST,/orders/optimistic,17.400000,13.200000,720,1100,1800,2100,2800,3800,4100,4100,4900,4900,4900,1064,657,580,1270.820553572374,41.572511000140366,18044.120338000084,46.161654135338345
1781214489,50,POST,/orders/pessimistic,26.600000,14.500000,250,480,860,1100,1900,2900,3500,3700,3900,3900,3900,1539,686,210,764.4582482566619,13.600316999827555,17291.888502000118,43.14100064977258
1781214489,50,GET,/stocks,4.900000,0.000000,88,170,260,290,380,460,810,810,810,810,810,280,0,76,211.91197314642355,7.384510000065347,15115.925994999998,126.26071428571429
1781214489,50,,Aggregated,48.900000,27.700000,390,710,990,1300,2200,3500,3800,4000,4900,4900,4900,2883,1343,340,897.6724472941361,7.384510000065347,18044.120338000084,52.32847728061048
1781214490,50,POST,/orders/optimistic,16.500000,12.300000,860,1300,2000,2300,3500,3800,4100,4100,4900,4900,4900,1075,664,590,1274.7470975265169,41.572511000140366,18044.120338000084,46.16837209302326
1781214490,50,POST,/orders/pessimistic,24.700000,13.400000,280,530,870,1300,2100,3200,3700,3900,3900,3900,3900,1565,694,210,770.4760410715675,13.600316999827555,17291.888502000118,43.11182108626198
1781214490,50,GET,/stocks,4.300000,0.000000,140,260,300,340,390,530,810,810,810,810,810,282,0,76,213.32518180850641,7.384510000065347,15115.925994999998,126.25886524822695
1781214490,50,,Aggregated,45.500000,25.700000,480,780,1100,1500,2500,3500,3900,4000,4900,4900,4900,2922,1358,350,902.2265008172466,7.384510000065347,18044.120338000084,52.26078028747433
1781214491,50,POST,/orders/optimistic,16.100000,12.000000,880,1400,2100,2400,3600,3900,4100,4200,4900,4900,4900,1097,677,590,1279.5315928851476,41.572511000140366,18044.120338000084,46.16773017319964
1781214491,50,POST,/orders/pessimistic,23.800000,12.800000,310,540,870,1200,2100,3000,3700,3900,3900,3900,3900,1601,714,210,766.9449542948175,13.600316999827555,17291.888502000118,43.16052467207995
1781214491,50,GET,/stocks,4.200000,0.000000,120,180,290,300,390,530,810,810,810,810,810,293,0,76,208.06771805460423,7.384510000065347,15115.925994999998,126.24914675767918
1781214491,50,,Aggregated,44.100000,24.800000,490,850,1200,1500,2500,3600,3900,4100,4900,4900,4900,2991,1391,350,900.1968808462034,7.384510000065347,18044.120338000084,52.4028752925443
1781214492,50,POST,/orders/optimistic,14.100000,10.300000,880,1700,2200,2400,3600,3900,4100,4200,4900,4900,4900,1116,690,590,1279.1448807966017,41.572511000140366,18044.120338000084,46.19444444444444
1781214492,50,POST,/orders/pessimistic,23.200000,11.900000,260,510,860,1100,2000,3000,3700,3900,3900,3900,3900,1628,731,210,759.4512214250625,13.600316999827555,17291.888502000118,43.21805896805897
1781214492,50,GET,/stocks,3.800000,0.000000,84,130,180,260,380,530,810,810,810,810,810,298,0,75,205.19770030201062,7.384510000065347,15115.925994999998,126.24496644295301
1781214492,50,,Aggregated,41.100000,22.200000,480,800,1200,1600,2500,3600,3900,4100,4900,4900,4900,3042,1421,350,895.8123570476642,7.384510000065347,18044.120338000084,52.44345825115056
1781214493,50,POST,/orders/optimistic,14.200000,10.300000,1000,1400,2000,2200,2800,3700,4100,4200,4900,4900,4900,1127,697,600,1278.793440833192,41.572511000140366,18044.120338000084,46.202307009760425
1781214493,50,POST,/orders/pessimistic,24.200000,12.300000,310,560,880,1100,1800,3000,3700,3900,3900,3900,3900,1654,742,210,758.3983989824674,13.600316999827555,17291.888502000118,43.21765417170496
1781214493,50,GET,/stocks,3.700000,0.000000,84,140,260,300,380,530,810,810,810,810,810,299,0,75,205.50027927758921,7.384510000065347,15115.925994999998,126.24414715719064
1781214493,50,,Aggregated,42.100000,22.600000,490,850,1100,1500,2300,3000,3700,3900,4900,4900,4900,3080,1439,350,895.1414750779212,7.384510000065347,18044.120338000084,52.369805194805195
1781214494,50,POST,/orders/optimistic,15.000000,10.700000,1000,1400,2000,2200,2700,3400,4100,4200,4900,4900,4900,1148,710,600,1274.3426552883334,41.572511000140366,18044.120338000084,46.207317073170735
1781214494,50,POST,/orders/pessimistic,24.400000,13.200000,310,570,870,1000,1800,2500,3500,3700,3900,3900,3900,1681,753,210,755.2209535889356,13.600316999827555,17291.888502000118,43.213563355145745
1781214494,50,GET,/stocks,4.200000,0.000000,78,110,140,260,300,530,810,810,810,810,810,303,0,75,203.78583395049327,7.384510000065347,15115.925994999998,126.24092409240924
1781214494,50,,Aggregated,43.600000,23.900000,490,810,1200,1500,2300,2800,3600,3900,4900,4900,4900,3132,1463,350,892.1516280143668,7.384510000065347,18044.120338000084,52.34323116219668
1781214495,50,POST,/orders/optimistic,14.400000,10.100000,780,1300,1800,2100,2500,2900,3600,4100,4200,4200,4200,1173,727,590,1267.0666219147538,41.572511000140366,18044.120338000084,46.24040920716113
1781214495,50,POST,/orders/pessimistic,24.700000,12.900000,240,560,860,1000,1800,2300,3100,3500,3900,3900,3900,1716,774,210,749.2732575757578,13.600316999827555,17291.888502000118,43.27156177156177
1781214495,50,GET,/stocks,4.000000,0.000000,91,130,180,260,300,530,810,810,810,810,810,306,0,75,202.8546258758148,7.384510000065347,15115.925994999998,126.23856209150327
1781214495,50,,Aggregated,43.000000,23.000000,460,770,1100,1500,2300,2600,3300,3900,4200,4200,4200,3195,1501,350,887.0408679261326,7.384510000065347,18044.120338000084,52.30766823161189
1781214496,50,POST,/orders/optimistic,14.600000,9.900000,780,1300,1900,2200,2600,3000,3900,4100,4200,4200,4200,1193,743,590,1261.9440269170207,41.572511000140366,18044.120338000084,46.29673093042749
1781214496,50,POST,/orders/pessimistic,24.700000,12.400000,260,540,860,1100,1800,2300,3300,3500,3900,3900,3900,1747,786,210,745.9550300034349,13.600316999827555,17291.888502000118,43.259874069834
1781214496,50,GET,/stocks,3.700000,0.000000,110,130,180,260,300,530,810,810,810,810,810,313,0,77,201.65205544089304,7.384510000065347,15115.925994999998,126.2332268370607
1781214496,50,,Aggregated,43.000000,22.300000,430,760,1100,1500,2300,2700,3400,3900,4200,4200,4200,3253,1529,350,882.8157869292938,7.384510000065347,18044.120338000084,52.357208730402704
1781214497,50,POST,/orders/optimistic,16.000000,10.800000,760,1400,2000,2200,2500,2900,3600,4100,4200,4200,4200,1215,758,590,1257.3610514600862,41.572511000140366,18044.120338000084,46.32098765432099
1781214497,50,POST,/orders/pessimistic,25.400000,12.600000,230,540,850,1000,1800,2500,3000,3500,3900,3900,3900,1769,797,210,743.5286401170159,13.600316999827555,17291.888502000118,43.275862068965516
1781214497,50,GET,/stocks,3.500000,0.000000,85,120,130,140,290,300,530,530,530,530,530,325,0,77,197.2399435692303,7.384510000065347,15115.925994999998,126.22461538461539
1781214497,50,,Aggregated,44.900000,23.400000,400,710,1100,1500,2300,2600,3400,3900,4200,4200,4200,3309,1555,350,878.5430110459326,7.384510000065347,18044.120338000084,52.54094892716833
1781214498,50,POST,/orders/optimistic,15.800000,10.600000,630,1100,1800,2100,2500,2900,3600,4100,4200,4200,4200,1238,775,590,1249.4240632189058,41.572511000140366,18044.120338000084,46.36348949919225
1781214498,50,POST,/orders/pessimistic,25.300000,12.800000,210,510,840,1000,1800,2500,3000,3500,3900,3900,3900,1799,810,210,743.1958709466377,13.600316999827555,17291.888502000118,43.2751528627015
1781214498,50,GET,/stocks,3.500000,0.000000,79,110,120,140,260,300,530,530,530,530,530,329,0,77,195.7880078145894,7.384510000065347,15115.925994999998,126.22188449848025
1781214498,50,,Aggregated,44.600000,23.400000,390,670,1000,1300,2200,2600,3400,3900,4200,4200,4200,3366,1585,350,875.8795652611383,7.384510000065347,18044.120338000084,52.51841948900773
1781214499,50,POST,/orders/optimistic,15.700000,10.700000,590,1100,1600,2000,2500,2900,3600,4100,4200,4200,4200,1255,786,590,1243.1744742908406,41.572511000140366,18044.120338000084,46.37211155378486
1781214499,50,POST,/orders/pessimistic,25.300000,12.300000,190,450,720,930,1700,2300,3000,3400,5700,5700,5700,1823,820,210,742.4756597345042,13.600316999827555,17291.888502000118,43.27098189797038
1781214499,50,GET,/stocks,3.900000,0.000000,80,110,130,140,180,260,260,300,300,300,300,333,0,78,195.19863982582578,7.384510000065347,15115.925994999998,126.21921921921921
1781214499,50,,Aggregated,44.900000,23.000000,370,590,870,1100,2100,2500,3200,3600,5700,5700,5700,3411,1606,350,873.2683201386662,7.384510000065347,18044.120338000084,52.50982116681325
1781214500,50,POST,/orders/optimistic,16.500000,11.100000,590,1100,1600,1900,2500,2600,2900,3200,3600,3600,3600,1275,801,590,1245.4132692047099,41.572511000140366,18044.120338000084,46.410980392156866
1781214500,50,POST,/orders/pessimistic,25.900000,12.400000,210,480,760,940,1700,2500,3400,3500,5700,5700,5700,1852,836,210,741.3669588066958,13.600316999827555,17291.888502000118,43.30453563714903
1781214500,50,GET,/stocks,4.800000,0.000000,110,120,160,180,240,260,300,300,300,300,300,337,0,79,194.89261723442078,7.384510000065347,15115.925994999998,126.21661721068249
1781214500,50,,Aggregated,47.200000,23.500000,410,590,850,1100,2000,2500,3200,3400,5700,5700,5700,3464,1637,350,873.7275802407589,7.384510000065347,18044.120338000084,52.5141454965358
1781214502,50,POST,/orders/optimistic,18.700000,12.700000,590,1100,1600,1900,2500,2700,3000,3200,3600,3600,3600,1293,811,590,1244.620271303175,41.572511000140366,18044.120338000084,46.39675174013921
1781214502,50,POST,/orders/pessimistic,27.200000,13.100000,200,480,720,970,1800,2600,3400,3700,5700,5700,5700,1871,844,210,742.7510321106363,13.600316999827555,17291.888502000118,43.30304649919829
1781214502,50,GET,/stocks,5.200000,0.000000,110,120,140,160,190,240,260,260,260,260,260,342,0,78,193.33913211403345,7.384510000065347,15115.925994999998,126.21345029239767
1781214502,50,,Aggregated,51.100000,25.800000,420,600,880,1200,2200,2600,3200,3500,5700,5700,5700,3506,1655,350,874.2450584874471,7.384510000065347,18044.120338000084,52.531660011409016
1781214503,50,POST,/orders/optimistic,18.300000,12.600000,590,830,1500,1800,2400,2700,3000,3200,3600,3600,3600,1314,826,600,1240.7756723858486,41.572511000140366,18044.120338000084,46.423896499238964
1781214503,50,POST,/orders/pessimistic,26.200000,12.800000,210,480,850,990,1900,2900,3500,3800,5700,5700,5700,1895,854,210,745.3291193530354,13.600316999827555,17291.888502000118,43.30026385224274
1781214503,50,GET,/stocks,4.900000,0.000000,110,130,160,170,190,240,260,260,260,260,260,345,0,79,192.8932635565201,7.384510000065347,15115.925994999998,126.21159420289855
1781214503,50,,Aggregated,49.400000,25.400000,420,600,870,1300,2200,2600,3200,3600,5700,5700,5700,3554,1680,360,874.8807233021921,7.384510000065347,18044.120338000084,52.50365785030951
1781214505,50,POST,/orders/optimistic,19.400000,13.300000,690,1200,1500,1800,2200,2500,2800,3000,3200,3200,3200,1339,837,610,1241.498599258406,41.572511000140366,18044.120338000084,46.37191934279313
1781214505,50,POST,/orders/pessimistic,24.800000,11.500000,310,690,1000,1300,2500,3200,3700,4000,5700,5700,5700,1935,872,210,751.3050955018092,13.600316999827555,17291.888502000118,43.305426356589145
1781214505,50,GET,/stocks,4.600000,0.000000,120,170,240,240,550,710,1100,1100,1100,1100,1100,353,0,80,201.37463803682556,7.384510000065347,15115.925994999998,126.20679886685552
1781214505,50,,Aggregated,48.800000,24.800000,520,780,1100,1400,2200,2700,3400,3700,5700,5700,5700,3627,1709,360,878.7502705900167,7.384510000065347,18044.120338000084,52.50592776399228
1781214507,50,POST,/orders/optimistic,17.900000,11.800000,1000,1500,1700,1800,2200,2600,2900,3000,3200,3200,3200,1353,849,610,1247.3254366962346,41.572511000140366,18044.120338000084,46.415373244641536
1781214507,50,POST,/orders/pessimistic,23.400000,10.700000,360,960,1300,1500,2300,3200,3800,4900,5700,5700,5700,1955,882,220,754.0481715176473,13.600316999827555,17291.888502000118,43.31969309462916
1781214507,50,GET,/stocks,4.600000,0.000000,170,240,550,650,940,1100,1700,1700,1700,1700,1700,357,0,82,209.46568804761705,7.384510000065347,15115.925994999998,126.20448179271709
1781214507,50,,Aggregated,45.900000,22.500000,600,1100,1400,1700,2200,2700,3500,3800,5700,5700,5700,3665,1731,370,883.1036130422895,7.384510000065347,18044.120338000084,52.53615279672579
1781214509,50,POST,/orders/optimistic,15.200000,10.000000,1400,1700,1800,1900,2300,2700,3200,3600,3800,3800,3800,1366,858,620,1254.4468908696958,41.572511000140366,18044.120338000084,46.428257686676424
1781214509,50,POST,/orders/pessimistic,19.700000,9.000000,500,1200,1500,1700,2300,3200,3800,4100,4900,4900,4900,1985,902,220,758.988917650378,13.600316999827555,17291.888502000118,43.378337531486146
1781214509,50,GET,/stocks,4.000000,0.000000,240,550,890,940,1400,1600,1700,1700,1700,1700,1700,361,0,83,216.90229767312817,7.384510000065347,15115.925994999998,126.202216066482
1781214509,50,,Aggregated,38.900000,19.000000,880,1400,1600,1700,2300,2700,3700,4000,4900,4900,4900,3712,1760,370,888.5962241174542,7.384510000065347,18044.120338000084,52.555495689655174
1781214510,50,POST,/orders/optimistic,13.400000,8.800000,1400,1800,2000,2100,3000,4600,5300,5400,5800,5800,5800,1395,879,630,1277.892133654484,41.572511000140366,18044.120338000084,46.464516129032255
1781214510,50,POST,/orders/pessimistic,18.100000,8.300000,620,1300,1600,1700,2300,3200,3800,4100,5200,5200,5200,2007,911,220,760.7751882182363,13.600316999827555,17291.888502000118,43.37319382162431
1781214510,50,GET,/stocks,3.100000,0.000000,180,330,710,940,1400,1600,1700,1700,1700,1700,1700,367,0,84,215.7836406185277,7.384510000065347,15115.925994999998,126.19891008174388
1781214510,50,,Aggregated,34.600000,17.100000,980,1500,1700,1800,2400,3500,4600,5200,5800,5800,5800,3769,1790,380,899.1053131623744,7.384510000065347,18044.120338000084,52.582382594852746
